GROUP,PACKAGE,CLASS,INSTRUCTION_MISSED,INSTRUCTION_COVERED,BRANCH_MISSED,BRANCH_COVERED,LINE_MISSED,LINE_COVERED,COMPLEXITY_MISSED,COMPLEXITY_COVERED,METHOD_MISSED,METHOD_COVERED
Audio Analyzer Core,org.hammer.audio.workflow.collaboration,WorkflowHistoryCapabilities,10,33,2,4,2,5,2,2,0,1
Audio Analyzer Core,org.hammer.audio.workflow.collaboration,OperationActor,22,33,3,3,4,8,4,1,1,1
Audio Analyzer Core,org.hammer.audio.workflow.collaboration,WorkflowSessionRecoveryException,24,0,0,0,7,0,3,0,3,0
Audio Analyzer Core,org.hammer.audio.workflow.collaboration,WorkflowCollaborationEvent.UndoDetails,0,31,0,0,0,6,0,1,0,1
Audio Analyzer Core,org.hammer.audio.workflow.collaboration,WorkflowOperationEnvelope,25,47,2,2,6,9,3,1,1,1
Audio Analyzer Core,org.hammer.audio.workflow.collaboration,WorkflowSessionRegistry,107,396,10,12,29,92,11,25,2,23
Audio Analyzer Core,org.hammer.audio.workflow.collaboration,WorkflowSessionEventHub,60,333,14,12,11,92,12,19,0,18
Audio Analyzer Core,org.hammer.audio.workflow.collaboration,WorkflowUndoPreview.BlockingOperation,5,29,1,1,1,7,1,1,0,1
Audio Analyzer Core,org.hammer.audio.workflow.collaboration,WorkflowUndoPreview,11,76,2,2,2,15,2,3,0,3
Audio Analyzer Core,org.hammer.audio.workflow.collaboration,WorkflowSessionEntry.RecoveryState,5,29,2,2,1,4,2,1,0,1
Audio Analyzer Core,org.hammer.audio.workflow.collaboration,WorkflowHistoryCommandResult,11,47,3,3,2,9,3,2,0,2
Audio Analyzer Core,org.hammer.audio.workflow.collaboration,InMemoryWorkflowEventOutbox,0,45,0,0,0,10,0,4,0,4
Audio Analyzer Core,org.hammer.audio.workflow.collaboration,WorkflowHistoryDescriptor,19,101,6,6,3,17,5,3,0,2
Audio Analyzer Core,org.hammer.audio.workflow.collaboration,WorkflowHistoryDescriptor.CommandKind,0,21,0,0,0,4,0,1,0,1
Audio Analyzer Core,org.hammer.audio.workflow.collaboration,WorkflowSessionEntry.SessionDefinition,0,38,0,0,0,7,0,1,0,1
Audio Analyzer Core,org.hammer.audio.workflow.collaboration,WorkflowSessionEventHub.Subscriber,12,103,7,9,4,29,6,9,0,7
Audio Analyzer Core,org.hammer.audio.workflow.collaboration,WorkflowSessionEntry,151,1717,29,129,30,394,30,103,3,51
Audio Analyzer Core,org.hammer.audio.workflow.collaboration,WorkflowSessionEvent.Type,0,45,0,0,0,8,0,1,0,1
Audio Analyzer Core,org.hammer.audio.workflow.collaboration,WorkflowSessionPersistenceCoordinator.AppendOutcome,0,26,0,0,0,4,0,1,0,1
Audio Analyzer Core,org.hammer.audio.workflow.collaboration,WorkflowEventOutbox.OutboxEntry,5,20,1,1,1,5,1,1,0,1
Audio Analyzer Core,org.hammer.audio.workflow.collaboration,CollaborativeWorkflowSessionService,89,394,15,23,17,89,17,23,2,19
Audio Analyzer Core,org.hammer.audio.workflow.collaboration,CollaborationMode,0,35,0,0,0,8,0,3,0,3
Audio Analyzer Core,org.hammer.audio.workflow.collaboration,WorkflowHistoryCapabilities.ActionStatus,0,21,0,0,0,4,0,1,0,1
Audio Analyzer Core,org.hammer.audio.workflow.collaboration,CollaborativeWorkflowSessionService.UndoResult,0,38,0,0,0,7,0,1,0,1
Audio Analyzer Core,org.hammer.audio.workflow.collaboration,UndoScope,0,15,0,0,0,3,0,1,0,1
Audio Analyzer Core,org.hammer.audio.workflow.collaboration,WorkflowHistoryCapabilities.Action,12,44,3,7,2,9,3,4,0,2
Audio Analyzer Core,org.hammer.audio.workflow.collaboration,WorkflowSessionPersistenceCoordinator,256,280,37,25,62,68,32,19,5,15
Audio Analyzer Core,org.hammer.audio.workflow.collaboration,WorkflowSessionEntry.Services,0,17,0,0,0,4,0,1,0,1
Audio Analyzer Core,org.hammer.audio.workflow.collaboration,WorkflowSessionRegistry.SessionSnapshot,10,66,3,3,2,10,3,1,0,1
Audio Analyzer Core,org.hammer.audio.workflow.collaboration,RedoWorkflowCommand,11,40,2,2,2,9,2,2,0,2
Audio Analyzer Core,org.hammer.audio.workflow.collaboration,PresenceState,5,30,1,1,1,7,1,1,0,1
Audio Analyzer Core,org.hammer.audio.workflow.collaboration,WorkflowSessionPersistenceCoordinator.RecoveredSession,0,53,0,0,0,8,0,1,0,1
Audio Analyzer Core,org.hammer.audio.workflow.collaboration,WorkflowSessionException.Code,0,111,0,0,0,19,0,1,0,1
Audio Analyzer Core,org.hammer.audio.workflow.collaboration,WorkflowSessionEvent,16,114,4,7,3,24,4,6,0,3
Audio Analyzer Core,org.hammer.audio.workflow.collaboration,UndoWorkflowCommand,11,54,3,5,2,11,3,4,0,3
Audio Analyzer Core,org.hammer.audio.workflow.collaboration,WorkflowCollaborationEvent,15,102,3,3,3,27,3,3,0,3
Audio Analyzer Core,org.hammer.audio.workflow.collaboration,WorkflowHistoryPage,10,29,2,4,2,5,2,2,0,1
Audio Analyzer Core,org.hammer.audio.workflow.collaboration,WorkflowSessionIndex,0,47,0,0,0,9,0,6,0,6
Audio Analyzer Core,org.hammer.audio.workflow.collaboration,WorkflowSessionEventHub.SessionBuffer,50,371,5,25,13,80,7,27,2,17
Audio Analyzer Core,org.hammer.audio.workflow.collaboration,WorkflowUndoConflictException,14,37,2,2,3,10,3,3,1,3
Audio Analyzer Core,org.hammer.audio.workflow.collaboration,WorkflowSessionException,3,24,0,0,1,7,1,3,1,3
Audio Analyzer Core,org.hammer.audio.workflow.collaboration,WorkflowRedoPreview,11,76,2,2,2,15,2,3,0,3
Audio Analyzer Core,org.hammer.audio.workflow.collaboration,WorkflowSessionPersistenceCoordinator.OperationIdentity,13,260,12,24,3,57,12,13,0,7
Audio Analyzer Core,org.hammer.audio.workflow.editor.glsp,GlspWorkflowAdapter.GPort,0,38,0,0,0,7,0,1,0,1
Audio Analyzer Core,org.hammer.audio.workflow.editor.glsp,GlspWorkflowAdapter.GGraph,0,37,0,0,0,8,0,1,0,1
Audio Analyzer Core,org.hammer.audio.workflow.editor.glsp,GlspWorkflowAdapter.DeleteEdgeAction,0,31,0,0,0,6,0,1,0,1
Audio Analyzer Core,org.hammer.audio.workflow.editor.glsp,GlspWorkflowAdapter.ChangePropertyAction,0,45,0,0,0,8,0,1,0,1
Audio Analyzer Core,org.hammer.audio.workflow.editor.glsp,GlspWorkflowAdapter.CreateEdgeAction,0,59,0,0,0,10,0,1,0,1
Audio Analyzer Core,org.hammer.audio.workflow.editor.glsp,GlspWorkflowAdapter.PortKind,0,15,0,0,0,3,0,1,0,1
Audio Analyzer Core,org.hammer.audio.workflow.editor.glsp,GlspWorkflowAdapter.GEdge,0,24,0,0,0,5,0,1,0,1
Audio Analyzer Core,org.hammer.audio.workflow.editor.glsp,GlspWorkflowAdapter.GNode,0,54,0,0,0,11,0,1,0,1
Audio Analyzer Core,org.hammer.audio.workflow.editor.glsp,GlspWorkflowAdapter,14,260,0,3,2,77,2,13,2,11
Audio Analyzer Core,org.hammer.audio.core,AudioBlock,19,169,3,15,2,35,4,16,1,10
Audio Analyzer Core,org.hammer.audio.core,AudioFormatDescriptor,10,109,5,15,2,19,6,11,1,6
Audio Analyzer Core,org.hammer.audio.workflow.dsl,WorkflowDslParser.ParserState,102,410,25,51,14,96,25,30,0,16
Audio Analyzer Core,org.hammer.audio.workflow.dsl,WorkflowDslParseException,5,4,0,0,2,2,1,1,1,1
Audio Analyzer Core,org.hammer.audio.workflow.dsl,WorkflowDslParser,5,385,3,25,1,77,3,23,0,12
Audio Analyzer Core,org.hammer.audio.workflow.dsl,WorkflowDslSerializer,4,505,7,33,2,78,7,23,0,10
Audio Analyzer Core,org.hammer.audio.workflow.merge,WorkflowMergeModels.Resolution,10,37,3,5,2,9,3,3,0,2
Audio Analyzer Core,org.hammer.audio.workflow.merge,WorkflowMergeModels.ResolutionChoice,0,33,0,0,0,6,0,1,0,1
Audio Analyzer Core,org.hammer.audio.workflow.merge,WorkflowThreeWayMerger.SpecialNode,0,55,0,0,0,7,0,1,0,1
Audio Analyzer Core,org.hammer.audio.workflow.merge,WorkflowMergeModels.ElementKind,0,21,0,0,0,4,0,1,0,1
Audio Analyzer Core,org.hammer.audio.workflow.merge,WorkflowMergeModels.Result,0,40,0,4,0,8,0,4,0,2
Audio Analyzer Core,org.hammer.audio.workflow.merge,WorkflowMergeModels.ConflictKind,0,33,0,0,0,6,0,1,0,1
Audio Analyzer Core,org.hammer.audio.workflow.merge,WorkflowThreeWayMerger,445,1236,89,75,94,275,75,73,12,48
Audio Analyzer Core,org.hammer.audio.workflow.merge,WorkflowMergeModels.Conflict,20,74,7,7,4,15,7,2,0,2
Audio Analyzer Core,org.hammer.audio.workflow.merge,WorkflowThreeWayMerger.Computation,8,40,1,3,2,8,1,2,0,1
Audio Analyzer Core,org.hammer.audio.workflow.merge,WorkflowMergeResolution,28,29,5,3,6,6,6,1,2,1
Audio Analyzer Core,org.hammer.audio.workflow.merge,WorkflowThreeWayMerger.SpecialNodes,0,25,0,0,0,5,0,2,0,2
Audio Analyzer Core,org.hammer.audio.workflow.merge,WorkflowThreeWayMerger.PendingConflict,7,29,1,1,1,7,1,2,0,2
Audio Analyzer Core,org.hammer.audio.workflow.merge,WorkflowThreeWayMerger.MergeValues,2,61,3,9,0,11,3,6,0,3
Audio Analyzer Core,org.hammer.audio.workflow.merge,WorkflowThreeWayMerger.MergeLocation,0,31,0,0,0,6,0,1,0,1
Audio Analyzer Core,org.hammer.audio.workflow.merge,WorkflowMergeModels.Preview,5,52,2,4,1,9,2,4,0,3
Audio Analyzer Core,org.hammer.audio.workflow.merge,WorkflowMergeDraft,72,458,9,21,18,121,13,32,4,26
Audio Analyzer Core,org.hammer.audio.workflow.catalog,ExperimentNodeProtocol,7,0,0,0,2,0,1,0,1,0
Audio Analyzer Core,org.hammer.audio.workflow.catalog,ExperimentNodeCatalog,0,248,0,0,0,73,0,14,0,14
Audio Analyzer Core,org.hammer.audio.workflow.catalog,ExperimentNodeParameters,7,0,0,0,2,0,1,0,1,0
Audio Analyzer Core,org.hammer.audio.workflow.collaboration.outbox,WorkflowOutboxBackoffPolicy,3,80,3,13,0,16,3,7,0,2
Audio Analyzer Core,org.hammer.audio.workflow.collaboration.outbox,WorkflowOutboxDispatcherSettings,60,0,8,0,13,0,6,0,2,0
Audio Analyzer Core,org.hammer.audio.workflow.collaboration.outbox,WorkflowOutboxDispatcher,181,0,2,0,49,0,5,0,4,0
Audio Analyzer Core,org.hammer.audio.workflow.collaboration.outbox,WorkflowOutboxDispatcher.DispatchBatchResult,43,0,4,0,9,0,3,0,1,0
Audio Analyzer Core,org.hammer.audio.workflow.collaboration.outbox,WorkflowOutboxMessage,95,0,6,0,22,0,6,0,3,0
Audio Analyzer Core,org.hammer.audio.workflow.collaboration.outbox,WorkflowOutboxDispatchException,14,0,0,0,4,0,2,0,2,0
Audio Analyzer Core,org.hammer.audio.buffer,AudioRingBuffer,24,346,11,27,6,74,11,18,0,10
Audio Analyzer Core,org.hammer.audio.workflow,WorkflowValidator,9,291,2,28,3,78,2,23,0,10
Audio Analyzer Core,org.hammer.audio.workflow,Node,12,61,5,5,2,12,5,2,0,2
Audio Analyzer Core,org.hammer.audio.workflow,PortDirection,0,15,0,0,0,3,0,1,0,1
Audio Analyzer Core,org.hammer.audio.workflow,WorkflowOperation.MoveNode,0,122,0,0,0,23,0,5,0,5
Audio Analyzer Core,org.hammer.audio.workflow,WorkflowOperation.GroupNodes,10,183,3,7,2,34,3,8,0,6
Audio Analyzer Core,org.hammer.audio.workflow,WorkflowSemanticValueFormatter,24,177,1,5,4,46,2,13,1,11
Audio Analyzer Core,org.hammer.audio.workflow,TypeRegistry.Builder,23,43,0,0,6,10,2,4,2,4
Audio Analyzer Core,org.hammer.audio.workflow,Port,7,84,3,3,1,14,3,4,0,4
Audio Analyzer Core,org.hammer.audio.workflow,WorkflowOperation.CreateNode,8,117,1,3,1,18,1,6,0,5
Audio Analyzer Core,org.hammer.audio.workflow,WorkflowOperation.PropertyTarget,0,21,0,0,0,4,0,1,0,1
Audio Analyzer Core,org.hammer.audio.workflow,WorkflowOperation.UpdateProperty,108,148,8,1,20,25,5,5,0,5
Audio Analyzer Core,org.hammer.audio.workflow,PortMultiplicity,0,15,0,0,0,3,0,1,0,1
Audio Analyzer Core,org.hammer.audio.workflow,DataType,5,11,2,2,1,3,2,1,0,1
Audio Analyzer Core,org.hammer.audio.workflow,WorkflowOperation,37,372,7,39,5,77,8,32,1,16
Audio Analyzer Core,org.hammer.audio.workflow,Metadata,0,36,0,2,0,9,0,4,0,3
Audio Analyzer Core,org.hammer.audio.workflow,StableIds,7,30,0,6,2,7,1,5,1,2
Audio Analyzer Core,org.hammer.audio.workflow,TypeRegistry,0,77,1,5,0,17,1,8,0,6
Audio Analyzer Core,org.hammer.audio.workflow,WorkflowOperation.UngroupNodes,11,215,4,10,2,40,4,10,0,7
Audio Analyzer Core,org.hammer.audio.workflow,WorkflowOperation.DisconnectPorts,5,104,1,3,1,15,1,7,0,6
Audio Analyzer Core,org.hammer.audio.workflow,WorkflowOperation.ConnectPorts,8,146,1,1,1,23,1,6,0,6
Audio Analyzer Core,org.hammer.audio.workflow,WorkflowOperation.RestoreNode,72,146,6,6,11,26,6,6,1,5
Audio Analyzer Core,org.hammer.audio.workflow,DataTypes,0,51,0,0,0,9,0,2,0,2
Audio Analyzer Core,org.hammer.audio.workflow,Workflow,7,52,3,3,1,11,3,2,0,2
Audio Analyzer Core,org.hammer.audio.workflow,WorkflowOperation.RenameNode,19,106,5,5,4,18,5,5,0,5
Audio Analyzer Core,org.hammer.audio.workflow,WorkflowOperationLog,8,111,0,4,2,28,1,9,1,7
Audio Analyzer Core,org.hammer.audio.workflow,WorkflowOperation.DeleteNode,0,168,0,8,0,26,0,11,0,7
Audio Analyzer Core,org.hammer.audio.workflow,Edge,2,49,1,1,0,10,1,2,0,2
Audio Analyzer Core,org.hammer.audio.workflow.execution,ReproducibilityBundle,0,57,0,10,0,11,0,7,0,2
Audio Analyzer Core,org.hammer.audio.workflow.execution,WorkflowRunModels.State,24,82,19,13,1,13,14,6,0,3
Audio Analyzer Core,org.hammer.audio.workflow.execution,WorkflowRunService,47,267,4,14,15,65,6,18,2,13
Audio Analyzer Core,org.hammer.audio.workflow.execution,ExecutionStatus,0,45,0,0,0,8,0,1,0,1
Audio Analyzer Core,org.hammer.audio.workflow.execution,WorkflowRunModels.SourceKind,0,15,0,0,0,3,0,1,0,1
Audio Analyzer Core,org.hammer.audio.workflow.execution,ExecutionResult,0,71,0,8,0,15,0,7,0,3
Audio Analyzer Core,org.hammer.audio.workflow.execution,ExecutionContext,9,127,0,8,3,27,3,10,3,6
Audio Analyzer Core,org.hammer.audio.workflow.execution,WorkflowRunModels.Result,0,19,0,0,0,4,0,1,0,1
Audio Analyzer Core,org.hammer.audio.workflow.execution,ExecutionSnapshot,0,77,0,2,0,18,0,3,0,2
Audio Analyzer Core,org.hammer.audio.workflow.execution,SnapshotExecutionService,0,104,0,2,0,23,0,4,0,3
Audio Analyzer Core,org.hammer.audio.workflow.execution,WorkflowRunInputFactory,66,172,3,5,12,37,4,7,1,6
Audio Analyzer Core,org.hammer.audio.workflow.execution,WorkflowExecutionBackendException,5,0,0,0,2,0,1,0,1,0
Audio Analyzer Core,org.hammer.audio.workflow.execution,WorkflowRunException.Code,0,51,0,0,0,9,0,1,0,1
Audio Analyzer Core,org.hammer.audio.workflow.execution,WorkflowRunRecord,100,291,19,13,23,76,16,14,1,12
Audio Analyzer Core,org.hammer.audio.workflow.execution,WorkflowRunModels.LiveSessionSource,10,20,3,3,2,5,3,2,0,2
Audio Analyzer Core,org.hammer.audio.workflow.execution,WorkflowRunModels.StoredCommitSource,0,12,0,0,0,4,0,2,0,2
Audio Analyzer Core,org.hammer.audio.workflow.execution,WorkflowRunSourceResolver.ResolvedWorkflow,10,47,2,8,2,7,2,4,0,1
Audio Analyzer Core,org.hammer.audio.workflow.execution,WorkflowRunModels.Violation,15,27,6,6,3,5,6,1,0,1
Audio Analyzer Core,org.hammer.audio.workflow.execution,WorkflowRunModels.Command,0,16,0,0,0,4,0,1,0,1
Audio Analyzer Core,org.hammer.audio.workflow.execution,ExecutionPlan,7,211,2,18,1,41,2,11,0,3
Audio Analyzer Core,org.hammer.audio.workflow.execution,SimulationWorkflowExecutionBackend,23,120,4,6,5,27,4,7,1,5
Audio Analyzer Core,org.hammer.audio.workflow.execution,WorkflowRunException,14,40,1,1,3,10,4,4,3,4
Audio Analyzer Core,org.hammer.audio.workflow.execution,WorkflowRunSourceResolver,23,131,1,5,6,30,1,7,0,5
Audio Analyzer Core,org.hammer.audio.workflow.execution,WorkflowRunModels.Input,20,83,7,11,4,14,7,3,0,1
Audio Analyzer Core,org.hammer.audio.workflow.execution,WorkflowRunModels.Snapshot,12,105,5,5,2,15,5,1,0,1
Audio Analyzer Core,org.hammer.audio.workflow.execution,StableExecutionIds,7,30,0,6,2,7,1,5,1,2
Audio Analyzer Core,org.hammer.audio.workflow.execution,WorkflowRunRecord.BackendControl,0,16,0,0,0,4,0,3,0,3
Audio Analyzer Core,org.hammer.audio.workflow.execution,WorkflowRunModels.Mode,0,15,0,0,0,3,0,1,0,1
Audio Analyzer Core,org.hammer.audio.workflow.history,CreateWorkflowBranchCommand,47,0,6,0,10,0,5,0,2,0
Audio Analyzer Core,org.hammer.audio.workflow.history,WorkflowChange.ElementKind,0,21,0,0,0,4,0,1,0,1
Audio Analyzer Core,org.hammer.audio.workflow.history,WorkflowChange.ParameterChanged,15,29,5,5,3,5,5,1,0,1
Audio Analyzer Core,org.hammer.audio.workflow.history,WorkflowMergeRejectedException,12,43,3,1,2,11,3,3,1,3
Audio Analyzer Core,org.hammer.audio.workflow.history,WorkflowHistoryAccessPolicy,0,9,0,0,0,5,0,4,0,4
Audio Analyzer Core,org.hammer.audio.workflow.history,RestoreWorkflowVersionCommand,6,43,1,1,1,10,1,2,0,2
Audio Analyzer Core,org.hammer.audio.workflow.history,WorkflowChange.NodeRemoved,0,10,0,0,0,3,0,1,0,1
Audio Analyzer Core,org.hammer.audio.workflow.history,MergeConflictReport,2,220,3,25,1,50,3,19,0,8
Audio Analyzer Core,org.hammer.audio.workflow.history,WorkflowHistorySearch,17,257,3,25,4,58,3,19,1,7
Audio Analyzer Core,org.hammer.audio.workflow.history,WorkflowChange.EdgeAdded,0,10,0,0,0,3,0,1,0,1
Audio Analyzer Core,org.hammer.audio.workflow.history,ResolveWorkflowMergeCommand,5,38,1,1,1,7,1,1,0,1
Audio Analyzer Core,org.hammer.audio.workflow.history,WorkflowDiff,14,474,3,37,2,104,3,33,0,16
Audio Analyzer Core,org.hammer.audio.workflow.history,WorkflowChange.EdgeRemoved,0,10,0,0,0,3,0,1,0,1
Audio Analyzer Core,org.hammer.audio.workflow.history,WorkflowMergeAuditTrail,13,145,3,5,3,35,4,6,1,5
Audio Analyzer Core,org.hammer.audio.workflow.history,WorkflowHistoryTextQuery,5,70,4,10,1,13,4,6,0,3
Audio Analyzer Core,org.hammer.audio.workflow.history,WorkflowChange.NodeAdded,0,10,0,0,0,3,0,1,0,1
Audio Analyzer Core,org.hammer.audio.workflow.history,WorkflowSemanticHistoryFilter,16,80,11,7,0,16,6,7,0,4
Audio Analyzer Core,org.hammer.audio.workflow.history,WorkflowHistoryAccessException,6,10,0,0,2,4,2,1,2,1
Audio Analyzer Core,org.hammer.audio.workflow.history,WorkflowMergeCommitResult,10,54,4,4,2,9,4,1,0,1
Audio Analyzer Core,org.hammer.audio.workflow.history,PreviewWorkflowMergeCommand,6,46,2,2,1,9,2,2,0,2
Audio Analyzer Core,org.hammer.audio.workflow.history,WorkflowSemanticHistoryQuery,18,69,0,4,1,12,1,3,1,1
Audio Analyzer Core,org.hammer.audio.workflow.history,MergeConflict.DeleteVsModify,0,10,0,0,0,3,0,1,0,1
Audio Analyzer Core,org.hammer.audio.workflow.history,WorkflowCombinedHistoryResult,7,21,1,1,1,5,1,1,0,1
Audio Analyzer Core,org.hammer.audio.workflow.history,MergeConflict.ConnectVsParameterChange,0,17,0,0,0,4,0,1,0,1
Audio Analyzer Core,org.hammer.audio.workflow.history,WorkflowHistorySearch.CommitMatch,0,19,0,0,0,4,0,1,0,1
Audio Analyzer Core,org.hammer.audio.workflow.history,WorkflowSemanticHistoryResult,24,79,1,1,3,14,3,2,2,2
Audio Analyzer Core,org.hammer.audio.workflow.history,WorkflowRestoreResult,0,32,0,0,0,6,0,1,0,1
Audio Analyzer Core,org.hammer.audio.workflow.history,WorkflowCombinedHistoryQuery,0,17,0,0,0,4,0,1,0,1
Audio Analyzer Core,org.hammer.audio.workflow.history,WorkflowMergeCommandService,39,367,6,12,12,79,6,14,0,11
Audio Analyzer Core,org.hammer.audio.workflow.history,WorkflowSemanticProperty,28,0,2,0,6,0,2,0,1,0
Audio Analyzer Core,org.hammer.audio.workflow.history,WorkflowHistoryTextResult,2,35,1,1,0,5,1,1,0,1
Audio Analyzer Core,org.hammer.audio.workflow.history,WorkflowMergePreview,6,70,2,2,1,13,2,2,0,2
Audio Analyzer Core,org.hammer.audio.workflow.history,WorkflowHistoryCommandService,101,209,8,8,22,45,7,10,1,8
Audio Analyzer Core,org.hammer.audio.workflow.history,WorkflowChange.FieldChanged,15,36,5,5,3,6,5,1,0,1
Audio Analyzer Core,org.hammer.audio.workflow.history,WorkflowBranchCreationResult,40,0,4,0,9,0,4,0,2,0
Audio Analyzer Core,org.hammer.audio.workflow.history,WorkflowHistoryComparison,0,38,0,0,0,7,0,1,0,1
Audio Analyzer Core,org.hammer.audio.workflow.history,WorkflowMergeCommandService.MergeContext,0,31,0,0,0,6,0,1,0,1
Audio Analyzer Core,org.hammer.audio.workflow.collaboration.store,StoredWorkflowSession,0,95,0,6,0,19,0,6,0,3
Audio Analyzer Core,org.hammer.audio.workflow.collaboration.store,WorkflowOperationPersistenceCodec.Cursor,12,83,1,5,3,22,1,6,0,4
Audio Analyzer Core,org.hammer.audio.workflow.collaboration.store,WorkflowSessionSequenceConflictException,0,41,0,0,0,11,0,6,0,6
Audio Analyzer Core,org.hammer.audio.workflow.collaboration.store,LeasedWorkflowOutboxEntry,54,0,4,0,12,0,4,0,2,0
Audio Analyzer Core,org.hammer.audio.workflow.collaboration.store,WorkflowOperationBodyCodec.CommonFields,0,24,0,0,0,5,0,1,0,1
Audio Analyzer Core,org.hammer.audio.workflow.collaboration.store,StoredWorkflowOperation,42,100,10,6,8,21,9,4,2,3
Audio Analyzer Core,org.hammer.audio.workflow.collaboration.store,WorkflowOperationPersistenceData,20,92,6,6,3,20,5,5,1,3
Audio Analyzer Core,org.hammer.audio.workflow.collaboration.store,WorkflowOutboxLeaseConflictException,42,0,0,0,10,0,5,0,5,0
Audio Analyzer Core,org.hammer.audio.workflow.collaboration.store,StoredWorkflowOutboxEntry,12,91,2,6,2,18,2,6,0,4
Audio Analyzer Core,org.hammer.audio.workflow.collaboration.store,WorkflowOperationPersistenceCodec,83,168,18,6,19,45,11,10,1,8
Audio Analyzer Core,org.hammer.audio.workflow.collaboration.store,WorkflowOutboxEventData,6,40,1,1,1,9,1,2,0,2
Audio Analyzer Core,org.hammer.audio.workflow.collaboration.store,WorkflowOperationCommandMetadata.Kind,0,21,0,0,0,4,0,1,0,1
Audio Analyzer Core,org.hammer.audio.workflow.collaboration.store,WorkflowOperationPersistenceConflictException,0,24,0,0,0,6,0,3,0,3
Audio Analyzer Core,org.hammer.audio.workflow.collaboration.store,WorkflowSessionAppendCommand,6,59,1,3,1,12,1,3,0,2
Audio Analyzer Core,org.hammer.audio.workflow.collaboration.store,WorkflowSessionAppendResult,0,27,0,0,0,5,0,1,0,1
Audio Analyzer Core,org.hammer.audio.workflow.collaboration.store,WorkflowSessionRevisionConflictException,0,41,0,0,0,11,0,6,0,6
Audio Analyzer Core,org.hammer.audio.workflow.collaboration.store,WorkflowOperationCommandMetadata,14,62,4,4,2,14,3,6,0,5
Audio Analyzer Core,org.hammer.audio.workflow.collaboration.store,WorkflowOperationBodyCodec,162,990,18,63,43,276,18,63,0,28
Audio Analyzer Core,org.hammer.audio.workflow.collaboration.store,WorkflowOperationBodyCodec.EncodedBody,5,15,1,1,1,4,1,1,0,1
Audio Analyzer Core,org.hammer.audio.workflow.store,CommitId,5,16,1,1,1,5,1,2,0,2
Audio Analyzer Core,org.hammer.audio.workflow.store,CommitMetadata,10,26,4,4,2,5,4,1,0,1
Audio Analyzer Core,org.hammer.audio.workflow.store,RefUpdateResult,0,15,0,0,0,3,0,1,0,1
Audio Analyzer Core,org.hammer.audio.workflow.store,StaleWorkflowHeadException,24,30,4,2,4,9,7,3,4,3
Audio Analyzer Core,org.hammer.audio.workflow.store,VersionedWorkflowStore,9,23,2,2,1,4,2,1,0,1
Audio Analyzer Core,org.hammer.audio.workflow.store,CommitInfo,5,25,2,2,1,5,2,1,0,1
Audio Analyzer Core,org.hammer.audio.workflow.store,WorkflowSnapshot,5,18,2,2,1,4,2,1,0,1
Audio Analyzer Core,org.hammer.audio.workflow.collaboration.retention,WorkflowOutboxRetentionService,3,59,0,0,1,14,1,3,1,3
Audio Analyzer Core,org.hammer.audio.workflow.collaboration.retention,WorkflowOutboxRetentionSelection,10,25,2,2,2,5,2,1,0,1
Audio Analyzer Core,org.hammer.audio.workflow.collaboration.retention,WorkflowOutboxRetentionSettings,0,52,2,6,0,10,2,6,0,4
Audio Analyzer Core,org.hammer.audio.workflow.collaboration.retention,WorkflowOutboxRetentionDeletionResult,49,51,6,2,10,12,7,3,3,3
Audio Analyzer Core,org.hammer.audio.workflow.collaboration.retention,WorkflowOutboxRetentionCandidate,6,40,1,1,1,9,1,2,0,2
Audio Analyzer Core,org.hammer.audio.workflow.collaboration.retention,WorkflowOutboxRetentionMode,0,44,1,6,0,9,1,5,0,2
Audio Analyzer Core,org.hammer.audio.workflow.collaboration.retention,WorkflowOutboxRetentionReason,0,9,0,0,0,2,0,1,0,1
Audio Analyzer Core,org.hammer.audio.workflow.collaboration.retention,WorkflowOutboxRetentionPlan,98,144,21,13,20,28,20,7,4,6
Audio Analyzer Core,org.hammer.audio.snapshot,WaveformSnapshot,111,0,8,0,26,0,14,0,10,0
Audio Analyzer Core,org.hammer.audio.snapshot,PhaseScopeSnapshot,76,0,2,0,20,0,9,0,8,0
Audio Analyzer Core,org.hammer.audio.workflow.editor,WorkflowProjection.EdgeProjection,0,38,0,0,0,7,0,1,0,1
Audio Analyzer Core,org.hammer.audio.workflow.editor,WorkflowEditorService,59,365,6,16,8,79,10,31,6,24
Audio Analyzer Core,org.hammer.audio.workflow.editor,WorkflowOperationRejectedException,0,15,0,0,0,4,0,2,0,2
Audio Analyzer Core,org.hammer.audio.workflow.editor,WorkflowProjection.HandleProjection,0,24,0,0,0,5,0,1,0,1
Audio Analyzer Core,org.hammer.audio.workflow.editor,DirtyWorkflowException,4,0,0,0,2,0,1,0,1,0
Audio Analyzer Core,org.hammer.audio.workflow.editor,WorkflowProjection,0,125,0,0,0,33,0,6,0,6
Audio Analyzer Core,org.hammer.audio.workflow.editor,WorkflowProjection.NodeProjection,0,51,0,0,0,8,0,1,0,1
